{
    "frames": [
        {
            "filename": "flame_2",
            "frame": {
                "x": 1,
                "y": 1,
                "w": 166,
                "h": 164
            },
            "anchor": {
                "x": 0.5,
                "y": 0.5
            }
        },
        {
            "filename": "flame_1",
            "frame": {
                "x": 169,
                "y": 1,
                "w": 169,
                "h": 173
            },
            "anchor": {
                "x": 0.5,
                "y": 0.5
            }
        },
        {
            "filename": "flame_3",
            "frame": {
                "x": 340,
                "y": 1,
                "w": 147,
                "h": 150
            },
            "anchor": {
                "x": 0.5,
                "y": 0.5
            }
        },
        {
            "filename": "flame_2",
            "frame": {
                "x": 489,
                "y": 1,
                "w": 166,
                "h": 164
            },
            "anchor": {
                "x": 0.5,
                "y": 0.5
            }
        }
    ],
    "meta": {
        "description": "Atlas generado con Atlas Packer Phaser3",
        "web": "https://gammafp.github.io/atlas-packer-phaser/"
    }
}